code;lat;lng
050BNO;-20.9590429788399;55.650597197401
051BNO;-20.9969223139981;55.6794823343296
052BNO;-21.0377044623327;55.7081449537378
053BNO;-21.0676507416529;55.704450579691
054BNO;-21.1278715539829;55.7939551964288
055BNO;-21.1793141351282;55.8290905214236
056BNO;-21.1962293881089;55.5744091590117
057BNO;-21.143914389116;55.634360786672
058BNO;-21.2176670563705;55.5386641968418
059BNO;-20.9516015972409;55.6204091031789
060BNO;-20.9935697568892;55.5827099652481
061BNO;-21.064515602756;55.5323025899123
062BNO;-21.0286196098959;55.5388987943618
063BNO;-21.1164017461928;55.6451402641734
064BNO;-21.0394960470622;55.719263086417
065BNO;-21.1590438876484;55.7645989904675
066BNO;-20.9837950907342;55.6357830003106
067BNO;-20.9387698634485;55.6379317683737
068BNO;-20.9452208745666;55.6724257243678
069BNO;-21.046025603176;55.7214012757541
070BNO;-20.9642553612714;55.6517238285598
071BNO;-21.2191450188208;55.70299787292
077BNO;-21.105590;55.714828
300BNO;-20.9540082571413;55.6547969128475
301BNO;-20.9690237374876;55.66415566046
302BNO;-21.0517903308741;55.7107950337752
303BNO;-20.9132205246787;55.6141361967654
307BNO;-21.0580184451642;55.7280646056436
308BNO;-21.0885110393038;55.7442559793214
309BNO;-21.0852593307971;55.6940562618973
311BNO;-21.1187580418654;55.7481127279518
312BNO;-21.1884119792199;55.6352624181743
314BNO;-21.0337162295424;55.6782057707659
315BNO;-21.2187251668705;55.5524397984157
317BNO;-21.0110317394605;55.6839569200584
318BNO;-21.213877706951;55.6544213728959
319BNO;-21.1361014815738;55.6200085586409
320BNO;-21.2124520662171;55.8137132911085
321BNO;-21.1905047208016;55.5366485985043
322BNO;-21.209875650967;55.5925160742359
350BNO;-20.9718269595614;55.6901098891634
353BNO;-21.0176891929343;55.4862162271353
361BNO;-21.1516912435519;55.608712968847
362BNO;-20.9307940639096;55.6482926007052
363BNO;-21.1044124611075;55.6675401026787
364BNO;-21.0440670162744;55.7156537595607
365BNO;-21.0368104730364;55.7165339511458
366BNO;-21.0242971992512;55.7008998591242
367BNO;-20.9740321688704;55.648577498867
368BNO;-20.9357782098076;55.6219965127603
369BNO;-21.1057388252222;55.7467104973153
370BNO;-21.1404652557457;55.8105990868774
371BNO;-21.0002781737022;55.6523625476121
372BNO;-20.9592140169577;55.688729029203
373BNO;-21.0728893052842;55.7294107374372
374BNO;-21.0534550473242;55.700444905299
375BNO;-20.9391409415075;55.6539585427473
376BNO;-21.0349172304496;55.6956790844271
377BNO;-20.9709654061988;55.6209721539014
378BNO;-21.0131920523399;55.7005727131659
379BNO;-21.1295563512591;55.7781984898118
380BNO;-20.9264065476916;55.6316493991937
381BNO;-20.9551581377528;55.672424628117
382BNO;-20.9479000328179;55.6523415603498
383BNO;-21.0036720154296;55.6925355127589
384BNO;-20.9060126266829;55.6087033095572
385BNO;-20.938842;55.600105
391BNO;-20.9048123909219;55.6022154335284
392BNO;-21.1266718567228;55.7690943202097
001DNI;-20.8783582676814;55.4508329068139
002DNI;-20.8882906223724;55.4613621942024
003DNI;-20.8992090299375;55.4630485535241
004DNI;-20.8931420551529;55.4856999804721
005DNI;-20.8753719793436;55.4542370833193
006DNI;-20.8982185341733;55.5566612833468
007DNI;-20.927132553237;55.5854992220477
009DNI;-20.8935693930135;55.4952219920157
010DNI;-20.9328518581555;55.4335525418372
011DNI;-20.9129910633521;55.4026873887118
014DNI;-20.9165321324941;55.4941756530472
015DNI;-20.912760242733;55.5111244025465
017DNI;-20.8937186073043;55.4502427695588
018DNI;-20.8749785645264;55.4210530970515
019DNI;-20.8812382101416;55.4506399733385
020DNI;-20.8916967507424;55.4514169549499
021DNI;-20.881436497194;55.4545883789884
022DNI;-20.886526809366;55.4681471220188
023DNI;-20.9002154367484;55.4877631722973
024DNI;-20.8984963515049;55.5173502640328
025DNI;-20.8840385300481;55.4426909510806
026DNI;-20.8907785809578;55.47995625936
027DNI;-20.9100663101748;55.4831748034241
028DNI;-20.9047007943188;55.4801620641896
030DNI;-20.8938161080535;55.4630457497051
033DNI;-20.9221498277763;55.4606226031307
034DNI;-20.917316704568;55.4746798341411
035DNI;-20.9150159819656;55.4389967336965
038DNI;-20.9236545290761;55.5194296798366
041DNI;-20.9050926064198;55.5020287713929
042DNI;-20.8990630111878;55.4953690716236
044DNI;-20.8888607056077;55.4837147469143
045DNI;-20.8880060698064;55.4759853473383
047DNI;-20.8955591147251;55.4690360324852
048DNI;-20.8950302955046;55.4745495083314
049DNI;-20.8960097110235;55.4902470021854
200DNI;-20.8974929880633;55.4812729061777
201DNI;-20.89434023598;55.5007031477202
202DNI;-20.8752204579648;55.4494714013622
203DNI;-20.8785469050716;55.4461711230965
204DNI;-20.8855547873687;55.4494998771248
205DNI;-20.8852757618137;55.4565964606148
206DNI;-20.8911855573331;55.4578241148203
208DNI;-20.8915203532746;55.4902726266092
210DNI;-20.9034232856876;55.4909419059956
212DNI;-20.9050422686878;55.5326580874353
213DNI;-20.8955247841017;55.5682708348038
214DNI;-20.8979467922032;55.5491078702534
215DNI;-20.9103864534606;55.5684278115352
220DNI;-20.9009980487146;55.5017522027471
221DNI;-20.919126331091;55.500514473675
240DNI;-20.8973803597067;55.4239333518737
250DNI;-20.9008411972795;55.47381780312
251DNI;-20.8943187302216;55.4576671147797
252DNI;-20.8958814749098;55.4122888799903
253DNI;-20.9175725623863;55.5528706295034
254DNI;-20.8815464447631;55.4289814008563
256DNI;-20.8890494716897;55.4463784428367
260DNI;-20.8923108708116;55.4704627667723
261DNI;-20.8879106070273;55.454281808778
262DNI;-20.8789495287856;55.4552770136527
263DNI;-20.8867347462851;55.4303211406214
266DNI;-20.8810151608536;55.4420012317484
267DNI;-20.8856106692553;55.4962144388674
268DNI;-20.8866957048158;55.4182392159239
271DNI;-20.8944489009955;55.5330109968805
273DNI;-20.8998912922998;55.4696168503564
274DNI;-20.9308198879448;55.5300898654156
276DNI;-20.9234517041899;55.4941738615054
277DNI;-20.8820294350367;55.3953833838076
278DNI;-20.8974712394672;55.3738504443382
279DNI;-20.8907750931296;55.3850053812587
280DNI;-20.9225325295595;55.450004326729
281DNI;-20.8860315062779;55.432433530959
283DNI;-20.8998378641315;55.4466807167254
284DNI;-20.9084572056705;55.4628388908687
285DNI;-20.9123020495451;55.492871991417
286DNI;-20.9139387741768;55.4838761002839
289DNI;-20.9355522163791;55.4957452573543
290DNI;-20.9043951848681;55.4822897451634
291DNI;-20.915573855827;55.5282868522418
297DNI;-20.8737775149529;55.4477465409176
299DNI;-20.8847918766484;55.4640603326757
386DNI;-20.8843306643117;55.4599799318026
801DNI;-20.8913177325904;55.5124990829622
802DNI;-20.8913892380104;55.5113736963383
803DNI;-20.896896;55.496604
100PAU;-20.9379524186912;55.3001471869462
101PAU;-20.9261156122613;55.2862057456151
102PAU;-20.9518041646263;55.3409735187422
103PAU;-21.0078252998989;55.2763955461828
105PAU;-21.1480745731391;55.3187409660447
106PAU;-21.0687838633077;55.3874120488364
107PAU;-21.087178492868;55.2668679822079
108PAU;-21.206722085602;55.3313992786378
109PAU;-21.0509233272063;55.2258656451828
110PAU;-21.2158241667004;55.3084285588198
111PAU;-21.1758983312228;55.288476600091
113PAU;-20.984558025414;55.3336486671391
114PAU;-21.0934724403493;55.2421268012397
115PAU;-21.0383831053973;55.2988754541472
117PAU;-20.9418870887374;55.3097852329276
118PAU;-20.9333319407243;55.3335525825342
119PAU;-20.92939638905;55.3366150627269
120PAU;-20.9626164139347;55.3188323617515
121PAU;-20.9971230029005;55.2836746189596
123PAU;-21.0292487121718;55.2682122330826
124PAU;-20.9503025269377;55.2994788651853
125PAU;-21.0196967086928;55.2343834518796
126PAU;-21.0316909205464;55.2282196098589
127PAU;-21.0429638031872;55.2213513502591
128PAU;-20.9642099515841;55.3404231595295
129PAU;-20.9089186499817;55.3590090740193
130PAU;-20.9629920459975;55.2867089574491
131PAU;-20.9708435631375;55.3077095864704
132PAU;-20.9549985404142;55.3066377874391
133PAU;-20.9442580626151;55.2893838118124
401PAU;-20.948048112428;55.328187612302
402PAU;-20.9413179399421;55.3382814440707
403PAU;-20.9352455891927;55.3150228964229
405PAU;-20.9325181742559;55.2950647148308
406PAU;-20.9382776760313;55.2900574938293
407PAU;-20.9431051401346;55.2960313639157
408PAU;-20.9366065507897;55.3055947311781
409PAU;-20.9517784469021;55.317145633778
411PAU;-20.9741524426878;55.3189534044974
412PAU;-20.9869548779217;55.3855509984109
417PAU;-21.0127941764511;55.2640542144151
418PAU;-20.9849239865613;55.2930664350312
419PAU;-21.0269493418075;55.2730394137182
420PAU;-20.9766922059462;55.3015520786242
421PAU;-21.0492519800171;55.2660757749071
424PAU;-21.0637042000775;55.2955372623203
426PAU;-21.0458470900903;55.2892747102486
428PAU;-21.1131733815076;55.2606462232594
429PAU;-21.1426810911963;55.2773145778333
432PAU;-21.1925991917652;55.3027890531394
436PAU;-20.961772321235;55.2983971705223
450PAU;-20.9205956728949;55.3728992715652
451PAU;-20.9301151244091;55.3567303746499
454PAU;-21.0716327691463;55.2265631101209
455PAU;-21.0801396218257;55.2316012603313
456PAU;-21.1282336905268;55.2697798866035
457PAU;-21.164601765583;55.3285208803307
488PAU GRAND BOUCAN - KROMALI;-21.007395;55.271216
497PAU;-21.081976;55.225700
700PAU;-21.0339094829953;55.2505713839153
702PAU;-21.0558848074107;55.2557801211904
703PAU;-21.1160062958825;55.2762365238295
704PAU;-21.1590684626274;55.2953912742141
705PAU;-21.1804440608602;55.2967642721865
706PAU;-21.2411618156441;55.3149029884481
707PAU;-21.0212659422143;55.2560291743874
719PAU;-21.0483060668072;55.3479025320117
724PAU;-20.9430843496322;55.3175986209285
725PAU;-21.0279804244033;55.2266665281949
726PAU;-21.0611546599049;55.2299686400583
727PAU;-21.0777690706882;55.2679875489688
728PAU;-21.164812096555;55.2881419567878
730PAU;-21.0426263727083;55.2558960574684
740PAU;-21.0249194116014;55.2732744902538
741PAU;-21.0197600424592;55.2651087935137
742PAU;-21.0349706975676;55.2945558363446
743PAU;-21.0213682014143;55.3009348724327
746PAU;-21.227850027405;55.2980124062691
747PAU;-21.1040445927783;55.2983209210232
748PAU;-21.0404077950962;55.2739233703526
750PAU;-21.1292928851677;55.3111836688684
752PAU;-21.2135780598334;55.3159579892005
754PAU;-20.9921972989853;55.3223583324805
755PAU;-21.0045476709358;55.3244520111208
760PAU;-21.0103156640997;55.2690176692033
761PAU;-20.9242043158993;55.3415659841663
763PAU;-20.9396943218911;55.3054541974873
764PAU;-21.2191648130524;55.3010982963155
141PIR;-21.3343324097844;55.6479071531413
150PIR;-21.3344711677186;55.4662517362699
151PIR;-21.3774724926486;55.6164463974917
152PIR;-21.369920558785;55.6979354099042
153PIR;-21.3341182431374;55.8018710577577
154PIR;-21.1345333085436;55.4722282807848
155PIR;-21.1854961720249;55.4334001785624
156PIR;-21.2117587042709;55.4058137585194
157PIR;-21.2636075785289;55.3431413595063
158PIR;-21.2114409730035;55.358520014337
159PIR;-21.3319289215874;55.5809790305908
160PIR;-21.3260926633553;55.4856296949541
161PIR;-21.2303221065369;55.4516571869263
162PIR;-21.3713052232516;55.5821139842592
163PIR;-21.3601947657966;55.7663725246576
164PIR;-21.3755273508578;55.6651591753687
165PIR;-21.338535395307;55.6640285846847
166PIR;-21.3525343669381;55.6113192073034
167PIR;-21.2767821146612;55.5223044028432
168PIR;-21.2858540215791;55.4680190669014
169PIR;-21.2906353851696;55.4204435944968
170PIR;-21.2652124827453;55.4373957217664
171PIR;-21.2722374370726;55.3352776152292
172PIR;-21.2432729264235;55.3337437011506
173PIR;-21.3742746196008;55.7094192139519
174PIR;-21.2695046725348;55.3726786598382
175PIR;-21.3355815651859;55.5205978692121
176PIR;-21.3780973765547;55.6510355093688
177PIR;-21.2878693421219;55.4049079146457
178PIR;-21.369861018241;55.6334334458762
179PIR;-21.3471976071868;55.5611039051689
180PIR;-21.3561585111039;55.5287805942355
181PIR;-21.2560731919142;55.52689557263
182PIR;-21.342242135681;55.48647634258
183PIR;-21.2641216734357;55.5207058196728
184PIR;-21.2987290784985;55.4555191052449
185PIR;-21.2868312770209;55.5104936397528
186PIR;-21.2985938602112;55.4974589723263
187PIR;-21.2855122176769;55.412595356121
188PIR;-21.2940385055037;55.3991740481265
189PIR;-21.3390960833123;55.4761922196099
190PIR;-21.3143353469964;55.4740378875164
191PIR;-21.3105447004971;55.4292436818351
192PIR;-21.3501088526138;55.5126514447301
193PIR;-21.2969006264068;55.4316634317066
195PIR;-21.2782720584901;55.3639474317435
196PIR;-21.3059769723586;55.4628077572351
496PIR CAMION MOBILE SAKIFO - GRAND RAID;-21.338471;55.459046
500PIR;-21.2375455646023;55.3400800093769
502PIR;-21.2771582598051;55.4041368253813
503PIR;-21.2917052530615;55.4007800122378
505PIR;-21.2786232034242;55.4875135457106
507PIR;-21.2898795455023;55.4121148090677
510PIR;-21.2786699210335;55.4304304318
513PIR;-21.250254274946;55.4709215741644
514PIR;-21.2329967944121;55.474413901191
516PIR;-21.2362282990464;55.5044219167728
518PIR;-21.2594650985177;55.4977214760661
519PIR;-21.2460776647893;55.4956506584892
522PIR;-21.2750074345569;55.5054470432343
525PIR;-21.2794053262409;55.5423729582471
526PIR;-21.3167238822684;55.4538377285846
527PIR;-21.3316482440515;55.4578452912397
528PIR;-21.3267711793307;55.4767437027325
530PIR;-21.3483724399024;55.5012429931842
533PIR;-21.339707955704;55.4660044849044
534PIR;-21.3385520216863;55.469005372463
537PIR;-21.3342874953634;55.4778423462041
538PIR;-21.3392116631085;55.4630978939822
540PIR;-21.3337955088501;55.4724098485556
541PIR;-21.3139094604545;55.5431605373267
542PIR;-21.3093796532815;55.5416339318564
544PIR;-21.354225517672;55.5708053658615
545PIR;-21.3393773183902;55.6339089500602
552PIR;-21.2947132466882;55.4608622342088
553PIR;-21.2415128733678;55.4455078319594
555PIR;-21.2906142399848;55.45348442963
556PIR;-21.2833439006987;55.4741072375895
558PIR;-21.2930655319679;55.4703635574218
559PIR;-21.2971199531392;55.5104960362029
560PIR;-21.2949757502831;55.6269553881781
562PIR;-21.2747888829441;55.5123881613889
563PIR;-21.2682150768866;55.5188050176109
565PIR;-21.2418104116888;55.5105033243712
566PIR;-21.2719701950795;55.4980956977033
567PIR;-21.2600044793199;55.5147531019245
568PIR;-21.2614728332474;55.5318239606706
569PIR;-21.3189490764352;55.530597649545
574PIR;-21.2829899602978;55.5204883340353
577PIR;-21.2821171740006;55.5034958252173
578PIR;-21.2697633248875;55.5110124253908
579PIR;-21.2807261971173;55.5167811452067
581PIR;-21.2700649918801;55.5268334958731
584PIR;-21.2624828290005;55.3629945312014
585PIR;-21.2540414027263;55.355061428299
586PIR;-21.2689466940801;55.4145751871405
587PIR;-21.2722632446835;55.4478651445852
588PIR;-21.2655484960906;55.4524165583397
600PIR;-21.2419491546415;55.5252726939356
601PIR;-21.2942297418323;55.5054456210426
602PIR;-21.225428815412;55.524386917203
603PIR;-21.2752475912888;55.5808986802565
604PIR;-21.295638718409;55.5321114736866
605PIR;-21.2914560450286;55.7961925145734
606PIR;-21.2265885065145;55.5723833906515
607PIR;-21.247566422258;55.5938427680956
608PIR;-21.2020649871585;55.4220134370182
609PIR;-21.3684224204088;55.5523330960635
610PIR;-21.2852446316004;55.515964811557
611PIR;-21.305935487611;55.5351034212227
613PIR;-21.2648048345486;55.508026688412
614PIR;-21.2619473325161;55.5056464129719
615PIR;-21.3128448905521;55.8010352780457
616PIR;-21.2711255497063;55.5149017465581
617PIR;-21.2535383852618;55.4360254119789
618PIR;-21.291799460174;55.4851812382065
619PIR;-21.2476476068833;55.411729432796
628PIR;-21.2793074031855;55.4447650926093
629PIR;-21.2833801828174;55.4068260409362
630PIR;-21.2855412816698;55.416642924192
631PIR;-21.3709103650464;55.5740574193731
633PIR;-21.3632310470144;55.726566144672
634PIR;-21.3645274059116;55.7524393125462
635PIR;-21.3306688378899;55.4752476529873
636PIR;-21.2806850353539;55.3979018993132
640PIR;-21.2565165259838;55.4912276601315
641PIR;-21.3296163982149;55.4947813480472
650PIR;-21.2872847553924;55.4099452282463
663PIR;-21.3293436739196;55.4675969722636
664PIR;-21.3351989088606;55.5586852866011
665PIR;-21.3769146194354;55.6376983680989
667PIR;-21.3281891193298;55.6047224833238
668PIR;-21.3503327689094;55.7903700737368
669PIR;-21.3200430481906;55.4278315514893
670PIR;-21.3724533445979;55.6081128535814
671PIR;-21.3375803921307;55.48839456066
673PIR;-21.3360839506924;55.460864799209
674PIR;-21.3114689944296;55.633405594182
675PIR;-21.3401482710508;55.5970115110417
676PIR;-21.33066629397;55.4819578297693
ORANGE Mayotte;-12.7754066436033;45.2248320624023
854MAY;-12.8531481388631;45.0968989263279
855MAY;-12.8658367726462;45.1153370611448
857MAY;-12.9065149004409;45.0814514203751
860MAY;-12.8466782543071;45.1881064292398
861MAY;-12.8061212344951;45.2042569794095
962MAY;-12.7479247837362;45.2193274910232
867MAY;-12.8022655173128;45.2068746325233
969MAY;-12.7878000148978;45.27175113871
970MAY;-12.7733171768846;45.2191466745644
975MAY;-12.8017626532894;45.21198409293
998MAY;-12.7609594096;45.0834755494506
Siege ZEOP;-20.9522449767297;55.3021207808226
E1201 - BRAS PANON - CENTRE;-21.0011833333333;55.6824552410771
E1202 - BRAS PANON - ODEON;-21.0019888888889;55.6917138888889
E1204 - BRAS PANON - GERANIUMS;-20.9895861111111;55.6787694444444
E1205 - BRAS-PANON - CENTRE TECHNIQUE;-20.9947879520299;55.6750829986675
E1206 - BRAS PANON - BELLEVUE;-20.9838043436777;55.6356981401952
E3301 - SALAZIE - BELOUVE;-21.0645666666667;55.5323833333333
E3302 - SALAZIE - MARE A MARTIN;-21.0161017310625;55.4914166886833
E3101 - PLAINE DES PALMISTES - SDIS;-21.1361374177112;55.6198038978652
E3102 - PLAINE DES PALMISTES - PYRAMIDE;-21.1164312476969;55.6451542152629
E3103 - PLAINE DES PALMISTES - PITON DES SONGES;-21.1517234060155;55.6087514975409
E3701 - ST BENOIT - RN3;-21.0526550502187;55.7143108352827
E3702 - ST BENOIT - STATION;-21.0426517287763;55.7158228094026
E3703 - ST BENOIT - BOURBIER;-21.0249064072225;55.7002072407041
E3704 - ST BENOIT - CONFIANCE;-21.069544;55.700372457504
E3705 - ST BENOIT - BEAUVALLON;-21.0084694444444;55.6963583333333
E3706 - ST BENOIT - BRAS CANOT;-21.0535128015086;55.7003548440558
E3707 - ST BENOIT - ST FRANCOIS;-21.068803;55.73057949
E3708 - ST BENOIT - BEAUFOND;-21.0482915056461;55.7221778461253
E3710 - ST BENOIT - EUROPE;-21.0377277777778;55.7085694444445
E3711 - ST BENOIT - VIDOT;-21.035583;55.66775
E3712 - ST BENOIT - ANTIOPE;-21.0405843707194;55.7200240940578
E3713 - ST BENOIT - CARRERE;-21.0815244390376;55.6896826158594
E3715 - ST BENOIT - GERBERAS;-21.0885603790316;55.7446793358786
E3716 - ST BENOIT - ASTROLABE;-21.0318305555556;55.7116805555556
E3717 - ST BENOIT - MANES;-21.0324444444444;55.6948888888889
E3720 - ST BENOIT - PONT PAYET;-21.0959268974962;55.6761999296357
E3901 - STE ROSE - ESPERANCE;-21.1268055555556;55.7692777777778
E3902 - STE ROSE - MEDIATHEQUE;-21.128687;55.793011
E3903 - STE ROSE - CASCADES;-21.1793356853511;55.8290555241548
E3905 - STE ROSE - CANNELIERE;-21.1472565967412;55.8148012886497
E4001 - ST ANDRE - BALANCE;-20.9636843906163;55.6600215694349
E4002 - ST ANDRE - CHAMP BORNE;-20.94646988342;55.6714983291144
E4003 - ST ANDRE - CAMBUSTON;-20.9359710320301;55.647213143163
E4005 - ST ANDRE- CHEMIN DU CENTRE;-20.9480950594909;55.6550096462468
E4006 - ST ANDRE - RDM les bas;-20.9719666666667;55.6899416666667
E4008 - ST ANDRE - BRAS DES CHEVRETTES;-20.9580972222222;55.6222305555555
E4010 - ST ANDRE - LYCEE;-20.9642134316271;55.6516414631794
E4011 - ST-ANDRE_GARE;-20.9582260699134;55.6512691112572
E4013 - ST ANDRE - RDM LES HAUTS;-20.9762873475918;55.6463564501811
E4014 - ST ANDRE - VALENTIN / Cohab proprietaire torm 440_19;-20.9630017517237;55.6767415584554
E4015 - ST ANDRE - LATCHOUMAYA;-20.9739027777778;55.6533
E4016 - ST ANDRE - VERMONT;-20.9698555555556;55.6642944444444
E4017 - ST ANDRE - MENCIOL;-20.9641666666667;55.6258333333333
E4019 - ST ANDRE - VASSAL;-20.9683333333333;55.6902777777778
E4020 - ST ANDRE - ZA GRAND CANAL;-20.9574143332036;55.6881402971512
E4021 - ST ANDRE - BEAU VERGER;-20.9734158682683;55.6926561272967
E4022 - ST ANDRE - LA DECOUVERTE;-20.9935354200926;55.5826785637479
E4023 - ST ANDRE - PATELIN;-20.9727972222222;55.68625
E4101 - STE SUZANNE - VILLAGE DESPREZ;-20.9097304449413;55.6129287037904
E4103 - STE SUZANNE - BEL AIR;-20.9047944444444;55.6022083333333
E4104 - STE SUZANNE - COMMUNE ANGO;-20.9421416666667;55.6212194444444
E4106 - STE SUZANNE - DEUX RIVES;-20.9572027777778;55.614225
E4110 - STE SUZANNE - BOIS ROUGE;-20.9165642;55.6242088
E4116 - STE SUZANNE - GHANDI;-20.9293022442694;55.6367016473499
E4117 - STE SUZANNE - BAGATELLE;-20.9271519658995;55.5854877173834
N0001 - ST DENIS - ZAC TRIANGLE;-20.9011356258996;55.5002519291607
N0002 - ST DENIS - BARACHOIS;-20.8732888888889;55.4487888888889
N0004 - ST DENIS - RUISSEAU;-20.8905852777778;55.4575138888889
N0005 - ST DENIS - JARDIN DE L'ETAT;-20.8878534809944;55.4478714729489
N0006 - ST DENIS - LANCASTEL;-20.8799778574019;55.4589432942645
N0007 - ST DENIS - CAMELIAS;-20.8939980555556;55.462025
N0008 - ST DENIS - VAUBAN;-20.8878333333333;55.4617972222222
N0009 - ST DENIS - MONTGAILLARD;-20.8986419444444;55.4701277777778
N0011 - ST DENIS - STE CLOTILDE;-20.8939596821465;55.4780743483891
N0012 - ST DENIS - TAMARINS;-20.8983750620054;55.4808125175031
N0013 - ST DENIS - FAC;-20.9014611111111;55.4812419444444
N0014 - ST DENIS - MOUFIA;-20.9090666666667;55.4836472222222
N0017 - ST DENIS - CHAUDRON;-20.8951111111111;55.4877472222222
N0018 - ST DENIS - BUTOR;-20.8843108241079;55.4644879645244
N0019 - ST DENIS - RIVIERE;-20.8785972222222;55.4465333333333
N0021 - ST DENIS - LA BRETAGNE;-20.9203166666667;55.4944527777778
N0022 - ST DENIS - MARECHAL LECLERC;-20.8791416666667;55.4528027777778
N0023 - ST DENIS - MONTAGNE;-20.8866949087838;55.4303414667978
N0024 - ST DENIS - DOMENJO;-20.9165638888889;55.5066194444445
N0025 - ST DENIS - CHAUDRON TDF;-20.8907765015174;55.4950229093298
N0027 - ST DENIS - LES MERCURIALES;-20.8872166666667;55.4815916666667
N0028 - ST DENIS - LEOPOLD RAMBAUD;-20.8866777777778;55.4717888888889
N0031 - ST DENIS - SAINTEX;-20.891675;55.4818555555556
N0032 - ST DENIS - LABOR;-20.8881861111111;55.4762583333333
N0035 - ST DENIS - BAGATELLE;-20.8815138888889;55.4410166666667
N0036 - ST DENIS - FREGATE;-20.9173374741132;55.4743732825814
N0043 - ST DENIS - BEL AIR;-20.9019166666667;55.4892833333333
N0044 - ST DENIS - CANAMELLE;-20.8998333333333;55.4615277777778
N0046 - ST DENIS - OSMONDES;-20.8937694444444;55.4505166666667
N0048 - ST DENIS - ST BERNARD;-20.9129514033105;55.4030605652794
N0050 - ST DENIS - COQUELICOTS;-20.90138;55.474924
N0063 - ST DENIS - ST ANTOINE;-20.8835276532345;55.4479533033438
N0051 - ST DENIS - STE ANNE;-20.8823416624804;55.4483173422948
N0052 - ST DENIS - RUISSEAU BLANC;-20.8963888888889;55.4119444444444
N0053 - ST DENIS - BRETAGNE LES BAS;-20.9133833333333;55.4970194444444
N0054 - ST DENIS - PIERRE ET SABLE;-20.906862;55.479708
N0057 - ST DENIS - MONTHYON;-20.887825;55.4544916666667
N0058 - ST DENIS - MONTAUBAN;-20.9357166666667;55.4956166666667
N0059 - ST DENIS - DATTIERS;-20.90639;55.46361
N0062_ST DENIS_CHAMP FLEURI_C1;-20.8923587070905;55.4706152712425
N0062_ST DENIS_CHAMP FLEURI_C2;-20.8924433506681;55.468970671825
N3801 - STE MARIE - LA MARE;-20.8944416666667;55.5329694444444
N3803 - STE MARIE - CONVENANCE;-20.8972738972002;55.5683380424879
N3805 - STE MARIE - BEAUSEJOUR;-20.9203194444444;55.5287722222222
N3806 - STE MARIE-GASPARDS;-20.8980166666667;55.5564583333333
N3809 - STE MARIE - DUPARC;-20.9001267899906;55.5198158754168
N3810 - STE MARIE - TERRAIN ELISA;-20.9156458432332;55.5534536038466
N3815 - STE MARIE - MEDARD;-20.92351;55.51834
N3817 - STE MARIE - KOMOE;-20.905707197365;55.507060319297
N3819 - STE MARIE - CONFIANCE LES BAS;-20.9357361111111;55.5238
N3820 - STE MARIE - VERGER;-20.8988305555556;55.5463222222222
O1902 - LA POSSESSION - ST ALME;-20.9659753113154;55.3282880161766
O1903 - LA POSSESSION - ROMILY;-20.929161;55.361072
O1904 - LA POSSESSION - ORION;-20.9510444444444;55.3319222222222
O1905 - LA POSSESSION - LUXOR;-20.9331083333333;55.3345972222222
O1907 - LA POSSESSION - CAMP MAGLOIRE;-20.9282333333333;55.3417333333333
O1908 - LA POSSESSION - STE THERESE;-20.9523333333333;55.3401888888889
O1909 - LA POSSESSION - DOS D'ANE;-20.986922546877;55.3855966295139
O1910 - LA POSSESSION - LES TERRASSES DE PICHETTE;-20.9650972222222;55.3415611111111
O1911 - LA POSSESSION - PICHETTE;-20.9578388888889;55.3469138888889
O1917 - LA POSSESSION - ADELIE;-20.9281334573186;55.3356446710797
O2001 - LE PORT - ZEOP SIEGE;-20.9519083333333;55.3019388888889
O2002 - LE PORT - MAUVILLAC;-20.9292945819368;55.2969886352699
O2003 - LE PORT PIPANGAI;-20.9503694803534;55.3179500869456
O2004 - LE PORT - HELIOSPACE;-20.939825;55.300533
O2005 - LE PORT - MOULIN JOLI;-20.9573337217052;55.3218257789618
O2006 - LE PORT - ST LAURENT;-20.945263120554;55.3277667663727
O2007 - LE PORT - PORT 14;-20.94806;55.294546
O2009 - LE PORT - ROSE DES VENTS;-20.9388361111111;55.3076416666666
O2012 - LE PORT - NEPTUNE;-20.9443100607696;55.2893886652829
O2014 - LE PORT - ZI2;-20.9383333333333;55.3141666666667
O2097 - LE PORT - PORT EST C2;-20.929823574025;55.3119206510698
O2098 - LE PORT - PORT EST - C1;-20.929498048452;55.3127992031219
O2602 - TROIS BASSINS - CENTRE;-21.1033557965519;55.2979124778957
O2603 - TROIS BASSINS - LES BAS;-21.1230472222222;55.2680388888889
O3602 - ST LEU - PITON ST LEU;-21.214312;55.304764
O3604 - ST LEU - PORTAIL;-21.2152947495784;55.2996688697528
O3606 - ST LEU - QUATRE ROBINETS;-21.196129560883;55.2958859371811
O3605 - ST LEU - LELIEVRE;-21.18372;55.290268
O3607 - ST LEU - VAVANGUES;-21.1773391079892;55.2905981819926
O3608 - ST LEU - LE PLATE TDF;-21.206550550121;55.3314941434199
O3610 - ST LEU - CENTRE;-21.1647972222222;55.2883111111111
O3612 - CHALOUPE ST LEU;-21.1414888888889;55.3151666666667
O3614 - ST LEU - POINTE DES CHATEAUX;-21.1423540007596;55.2778963172518
O3615 - CHALOUPE ST LEU - RTE FORESTIERE;-21.1292484261402;55.3111361140861
O3616 - ST LEU - CAP CAMELIAS;-21.163992190672;55.3277764811443
O6001 - LA SALINE - CENTRE;-21.0936737772584;55.2426510583652
O6002;-21.0084520427029;55.2726403033062
O6004 - St Paul - Plateau caillou;-21.029011559023;55.2691138052979
O6005 - ST PAUL - ARCADES;-21.0240643848299;55.2660988872929
O6006 - ST GILLES - LES HAUTS;-21.051191;55.272728
O6007 - ST PAUL - TAN ROUGE;-21.0646777777778;55.2950805555556
O6008 - ST GILLES - OEIL DE BOEUF;-21.0715857409879;55.2267982830716
O6010 - ST GILLES - MONT ROQUEFEUIL;-21.0599990352859;55.2299927259249
O6011 -ST PAUL - PLATEAU CAILLOU;-21.0299638888889;55.2716361111111
O6012 - ST PAUL - CIMETIERE;-20.9959085777384;55.284222669376
O6013 - ST PAUL PLAINE ST PAUL;-20.9832610375436;55.3348268416352
O6014 - ST PAUL - GRAND FOND;-21.04;55.2266666666667
O6015 - SALINE LES HAUTS;-21.0871827570694;55.2668229621077
O6017-ST GILLES LES HAUTS-RD 10;-21.0449472222222;55.2624944444444
O6018 - ST PAUL - FLEURIMONT;-21.0407436541706;55.2767044781808
O6019 - ST PAUL - VILLELE;-21.0627111111111;55.2624055555556
O6020 - ST PAUL - EPSMR;-20.976;55.3029694444444
O6021 - ST PAUL - GRANDE FONTAINE;-21.015526;55.279721
O6023 - LA SALINE - BENITIERS;-21.1026712615149;55.2552761371672
O6024 - BOUCAN CANOT - CAP CHAMPAGNE;-21.0275150438716;55.2318771343348
O6028 - ST PAUL - LE GUILLAUME;-21.0358333333333;55.2941666666667
O6029 - ST PAUL - BELLEMENE;-21.01978;55.304625
O6032 - ST GILLES - ANJOU;-21.0430555555556;55.2211388888889
O6034 - ST GILLES LES BAINS - FORUM;-21.0509493895838;55.225799205969
O6037 - BOIS DE NEFLES - LEBOT;-21.004592;55.324232
O6038 - ST PAUL - PLATEAU CAILLOU 2;-21.021907;55.270739
O6039 - ST PAUL - STADE JULIUS BENARD;-20.9830222222222;55.2893166666667
O6025 - ST PAUL - BOIS DE NEFLES;-20.9963135733611;55.3243608857317
O6030 - ST PAUL - CBO SAVANNAH;-20.985199;55.298045
O6040 - ST PAUL - OPALINE;-20.9933119435574;55.2842795374003
O6041 - ST PAUL - RESERVOIR EPERON;-21.0455083333333;55.2587361111111
O6043 - LA SALINE - BENITIER RESERVOIR;-21.1026611111111;55.2552666666667
O6045 - ST PAUL - LE BERNICA REX;-21.0009555555556;55.2793277777778
O6046 - ST PAUL - PITON MAIDO;-21.0688444444444;55.3872166666667
O6047-ST PAUL - CAMBAIE;-20.9613998329293;55.2989690730617
O6051 - ST PAUL - LA BAIE;-21.0131367934754;55.2676860539938
O6053 - ST PAUL - ROUTE DE MAFATE;-20.9741277777778;55.3190611111111
O6057 - LA SALINE - CAMP VUE BELLE;-21.079372;55.274099
O6058 - ST GILLES - CHEMIN TROIS ROCHES;-21.0425745499557;55.2446113388301
S1001 - ST PIERRE - LIGNE PARADIS;-21.3155555555556;55.4752777777778
S1002 - ST PIERRE - ZI3;-21.3159138888889;55.4534777777778
S1003 - ST PIERRE - BOIS D'OLIVES;-21.2988894861265;55.4529493569648
S1004 - ST PIERRE - CONDE;-21.2899410519576;55.5061642330943
S1005 - ST PIERRE - STADE;-21.3387072768955;55.4681700150914
S1006 - ST PIERRE - BASSE TERRE HAUTS;-21.320706387742;55.4899833922863
S1012 - ST PIERRE- BOIS D'OLIVE EST;-21.3024972222222;55.4658027777778
S1013 - ST PIERRE - BOIS D'OLIVES OUEST;-21.294961;55.460003
S1014 - ST PIERRE - ADJIBI;-21.336168;55.474063
S1015 - ST PIERRE - MERMOZ;-21.3299;55.473635
S1016 - ST PIERRE - EPICEA;-21.341833;55.474977
S1017 - ST PIERRE - MONTVERT LES BAS;-21.337575;55.519
S1018 - ST PIERE - BOIS NOIR;-21.2894444444444;55.4547222222222
S1021 - ST PIERRE - CASERNES;-21.3260963556653;55.485566669551
S1022 - ST PIERRE - AUBEPINES;-21.3344175175816;55.4891006048794
S1023 - SAINT PIERRE - GRAND BOIS LES HAUTS;-21.357237;55.528974
S1025 - ST PIERRE - FLAMBOYANT;-21.2720972222222;55.4965305555556
S1026 - ST PIERRE - ALLAMANDAS;-21.336;55.4605833333333
S1030 - ST PIERRE - JAMBROSADE;-21.2929166666667;55.4706722222222
S1031 - ST PIERRE - TERRE ROUGE;-21.3451083333333;55.4911916666667
S1032 - ST PIERRE - LIGNE DES BAMBOUS;-21.2992888888889;55.4974055555556
S1033 - ST PIERRE - FOULARD;-21.334181;55.47764
S1035 - ST PIERRE - TERRE SAINTE;-21.3460086349604;55.4862433694892
S1036 - ST PIERRE - PETIT FRERE;-21.2763888888889;55.4913888888889
S1037-ST PIERRE - LA POINTE;-21.2970383482845;55.5103026745061
S1038 - ST PIERRE - PIERREFONDS;-21.3062725927175;55.4301206961899
S1301 - CILAOS - SERVICE TECHNIQUE;-21.1330222409023;55.4686300778079
S1401 - ENTRE DEUX - BRAS LONG;-21.2329711348062;55.4744199209987
S1402 - ENTRE DEUX - EGLISE;-21.2502777777778;55.4708333333333
S1403 - ENTRE DEUX - EQUERRE;-21.2709638888889;55.4610083333333
S2501 - LES AVIRONS - RIVAGES;-21.2403239521977;55.3395991988732
S2502 - AVIRONS - TEVELAVE;-21.2061111111111;55.3544444444444
S2701 - ETANG SALE - SEMIRAMIS;-21.26219526;55.36301665
S2702 - ETANG SALE - ZI LES SABLES;-21.2766666666667;55.3736111111111
S2703 - ETANG SALE - GROS PITON;-21.2636111111111;55.3430555555556
S2704 - ETANG SALE - BOIS DE NEFLES;-21.2620611111111;55.372975
S2901 - PETITE ILE - ETABLISSEMENT;-21.3712738961537;55.5821079881133
S2903 - PETITE ILE - MALBROUK;-21.3483333333333;55.555
S2904;-21.3562907478516;55.5647740172563
S2905 - PETITE ILE - CHEMIN PAULETTE;-21.3669189510966;55.5618424405988
S3001 - TAMPON - CHATOIRE;-21.2780555555556;55.5063888888889
S3002 - TAMPON - KERVEGUEN;-21.2670842638412;55.5148796525146
S3003 - TAMPON - TROIS MARES;-21.2598672423545;55.5079898664957
S3004 - TAMPON - DASSY;-21.2583777777778;55.491425
S3005 - TAMPON - PETIT TAMPON;-21.2902972222222;55.5295777777778
S3006 - TAMPON - CANY;-21.2447543614173;55.5074791765821
S3007 - TAMPON - GERANIUM;-21.2415277777778;55.5305583333333
S3008 - TAMPON - AZALEES;-21.286516933307;55.5153014029845
S3009 - TAMPON - 12eme KM;-21.2684805555556;55.52695
S3010 - TAMPON - ORCHIDEES;-21.2432948583915;55.5127938795855
S3011 - TAMPON - SARDA GARRIGA;-21.2784390051784;55.5236760477359
S3012 - TAMPON - PLAINE DES CAFRES;-21.2229833333333;55.5549916666667
S3014 - TAMPON - LONGOSES;-21.2338333333333;55.5096527777778
S3015 - TAMPON -FOURCADE;-21.2477888888889;55.4974222222222
S3016 - TAMPON - PITON HYACINTHE;-21.2177777777778;55.5386111111111
S3017 - TAMPON - LES LIERRES;-21.2611111111111;55.5307222222222
S3018 - TAMPON - PITON TEXTOR;-21.1883333333333;55.6352777777778
S3021 - TAMPON - BRAS CREUX;-21.2517666666667;55.5325694444444
S3022 - TAMPON - CAFEIERS;-21.235161;55.522535
S3023 - TAMPON - PITON DESFORGES;-21.1962083333333;55.5743972222222
S3024 - TAMPON - CHEMIN VOLCAN;-21.2097222222222;55.5925
S3025 - TAMPON - PETITE FERME;-21.2280194444444;55.5740638888889
S3026 - TAMPON - PITON NATHALIE;-21.3095353592985;55.5417175278519
S3028 - TAMPON - 14EME KM;-21.2570087271304;55.5227395492816
S3030 - TAMPON - 19EME KM;-21.236449;55.542164
S3031 - TAMPON - BRAS DE PONTHO;-21.239037;55.498988
S3032 - TAMPON - PETIT TAMPON AMBAVILLES;-21.279976;55.544294
S4201 - ST PHILIPPE - TREMBLET;-21.3340777794524;55.801815114149
S4202 - ST PHILIPPE - RAVINE ANGO;-21.350325;55.7903527777778
S4205-ST PHILIPPE - CENTRE;-21.3580429410525;55.764670515695
S5001 - ST LOUIS - LE GOL;-21.2815583333333;55.3997555555556
S5005 - ST LOUIS - CHEMIN PITON;-21.2896770192042;55.420212148015
S5006 - ST LOUIS - TROIS RAVINES;-21.2835833333333;55.4069861111111
S5008 - Saint Louis - Pente Nicole;-21.261278;55.438974
S5010 - ST LOUIS - BORNEO;-21.2889694444445;55.4059694444444
S5013 - ST LOUIS - JOLI COEUR;-21.2862916666667;55.4172138888889
S5014 - ST LOUIS - OUAKI;-21.2803472222222;55.4465638888889
S5015 - ST LOUIS - ZI BEL AIR;-21.2911111111111;55.4019444444445
S5016 - ST LOUIS - RUISSEAU TERRES ROUGES;-21.2618333333333;55.4236944444445
S5017 - ST LOUIS - FENETRE DES MAKES;-21.1854989283425;55.433412039677
S5018 - ST LOUIS - TAPAGE;-21.2297222222222;55.4516666666667
S5019 - SAINT LOUIS - ROCHES MAIGRES;-21.2689866417751;55.4141155115684
S5020 - ST LOUIS - EGLISE ST SAUVEUR;-21.2768071781713;55.4151786242896
S5021 - ST LOUIS - LA LIGNE;-21.265533747745;55.452365596671
S5022 - ST LOUIS - LES MAKES ORANGE;-21.2117405437081;55.4057928725618
S5023 - ST LOUIS - KERVEGUEN;-21.2812681595035;55.4330052241338
S5024 - ST LOUIS - RIVIERE ST LOUIS;-21.2616973776744;55.4365866409436
S5025 - ST LOUIS - CENTRE;-21.28670904136;55.4097223872151
S5026 - ST LOUIS - PENTE DES VACOAS;-21.268492;55.437737
S5027 - ST LOUIS - TAPAGE CENTRE;-21.241207;55.445797
S5028 - ST LOUIS LES MAKES MONTPLAISIR;-21.2019355684348;55.4227176868425
S8001 - ST JOSEPH - PARVIS;-21.3810611111111;55.6138833333333
S8002 - ST JOSEPH - MANAPANY;-21.3319011695218;55.5809672968566
S8003 - ST JOSEPH - JEAN PETIT;-21.359788089997;55.624360462166
S8004 - ST JOSEPH - ZAC LES TERRASSES;-21.3714218271321;55.5996314827096
S8006 - ST JOSEPH - VACOAS;-21.376383;55.621723
S8009 - ST JOSEPH - VINCENDO TDF;-21.3700277777778;55.6981388888889
S8010;-21.378111699519;55.6515053343126
S8011 - ST JOSEPH - LA CRETE;-21.3386944444444;55.6645055555556
S8012 - ST JOSEPH - JEAN PETIT VILLAGE;-21.3433152841124;55.6317087595941
S8013 - ST JOSEPH - LES JACQUES NORD;-21.3702250880726;55.6300006906023
S8014 - ST JOSEPH - VINCENDO EGLISE;-21.3719444444444;55.6661111111111
S8015 - ST JOSEPH - PLAINE DES GREGUES;-21.3377517688497;55.6120114206522
S8018 - ST JOSEPH - GRAND COUDE;-21.2953876613071;55.6267132027625
Siege SFR;-20.8913983830005;55.4946614267215
970000 LE CHAUDRON SRR;-20.8913888627209;55.4947222222222
970001 LE BARACHOIS;-20.8733333071653;55.4488888888889
970002 LA MONTAGNE;-20.8867106885111;55.430310875806
970003 LE CHAUDRON;-20.8908333071653;55.495
970004 DATTIERS;-20.906287675723;55.4638007889288
970005 PTE DES GALETS;-20.9263888627209;55.2861111111111
970006 MOUFIA;-20.9087211717727;55.4833568700228
970007 CREVE COEUR;-21.0205555293876;55.2877777777778
970008 VILLELE;-21.0558333071653;55.2558333333333
970009 ANJOU;-21.0427777516098;55.2213888888889
970010 LA SALINE;-21.0871516032625;55.2669043257289
970011 LE PLATE;-21.2063888627209;55.3316666666667
970012 LE GROS PITON;-21.2636110849431;55.3430555555556
970014 PITON MARTIN;-21.3152759934898;55.5112490999589
970016 PITON HYACINTHE;-21.2177777516098;55.5386111111111
970017 PITON TEXTOR;-21.1886110849431;55.6352777777778
970019 BELLEVUE;-20.9944444182764;55.6325
970020 SRR LIBERTE;-20.9381631388002;55.5881048042134
970021 RAVINE A MALHEUR;-20.9330352284974;55.3782041977852
970023 BELOUVE;-21.0647221960542;55.5322222222222
970024 MAIDO;-21.0691666404987;55.3877777777778
970025 FLEURS JAUNES;-21.1855555293876;55.4333333333333
970027 MANAPANY;-21.3319444182764;55.5808333333333
970028 VINCENDO;-21.369999973832;55.6980555555556
970029 POINTE DES CASCADES;-21.1794444182764;55.8291666666667
970031 LES CITERNES;-21.1591666404987;55.7647222222222
970031 LES CITERNES;-21.1583381071535;55.7623652987477
970032 CHATEAUX;-21.1427777516098;55.2772222222222
970033 COLORADO;-20.8972221960542;55.4238888888889
970034 LE PORT SIVOMR;-20.937499973832;55.3
970035 St-Andre;-20.9641666404987;55.6519444444444
970037 DOMENJOD;-20.9162031819238;55.5067129714889
970038 VAUBAN;-20.8855670549347;55.4628488771057
970039 St-Joseph;-21.362499973832;55.6122222222222
970040 LANCASTEL;-20.8798069931149;55.4596501235401
970041 EQUERRE;-21.2712055293876;55.4611833333333
970042 ZAC;-20.9469444182764;55.3172222222222
970043 ORATOIRE;-21.2133333071653;55.6541666666667
970044 TOURETTE;-20.8877777516098;55.4463888888889
970045 St-Denis PTT;-20.8799510212005;55.4515654468078
970048 St-Paul;-21.0086110849431;55.2691666666667
970050 BOURG MURAT;-21.1902777516098;55.5736111111111
970051 St-Philippe;-21.3580555293876;55.7647222222222
970052 PETIT TAMPON;-21.2797888998149;55.5409175413929
970054 BOURBIER;-21.0323147094455;55.6951172313276
970057 St-Pierre centre;-21.3388888627209;55.4722222222222
970058 DUPARC;-20.9002777516098;55.52
970061 Ste-Clotilde SETB;-20.8966779215454;55.4762230460665
970063 Ste-Suzanne;-20.9053859374457;55.6083321721981
970073 QUARTIER FRANCAIS;-20.9359024091911;55.6370921207038
970074 CAP LAHOUSSAYE;-21.0197221960542;55.2341666666667
970075 PTE GOUFFRE;-20.8819444182764;55.3958333333333
970080 TROIS BASSINS micro;-21.1077777516098;55.2961111111111
970084 LYCEE AGRICOLE;-20.9747221960542;55.3255555555556
970086 MONTVERT;-21.3097221960542;55.5416666666667
970087 GRAND BOIS;-21.357499973832;55.5297222222222
970088 Pont Payet;-21.0933333071653;55.6836111111111
970090 ND DE LA PAIX;-21.257499973832;55.6
970091 PITON PARTAGE;-21.2188888627209;55.7025
970093 PLATEAU CAILLOU STADE;-21.0286110849431;55.2680555555556
970094 Ste-Marie - Les gaspards;-20.8980105608966;55.5564695983708
970095 LE TREMBLET;-21.3341666404987;55.8019444444444
970096 LE TAPAGE;-21.2302777516098;55.4513888888889
970097 La decouverte;-20.9936110849431;55.5827777777778
970099 CAP BERNARD;-20.8747221960542;55.4219444444444
970103 MANAPANY LES BAINS;-21.3708333071653;55.5813888888889
970108 VIERGE AU PARASOL;-21.2122221960542;55.8136111111111
970111 St-Bernard;-20.9130555293876;55.4030555555556
970112 St-Andre Balance;-20.9605555293876;55.6608333333333
970113 VIGIE;-20.8863888627209;55.4344444444444
970116 CHAMP BORNE;-20.9466666404987;55.6716666666667
970117 PITON ORANGE;-20.9211110849431;55.3911111111111
970120 LA RESSOURCE;-20.9280555293876;55.5269444444444
970122 ACAJOUS;-20.9027777516098;55.4777777777778
970123 LES FOUGERES;-20.9219444182764;55.4608333333333
970124 PATATE A DURAND;-20.894999973832;55.4744444444444
970125 MOUFIA III;-20.9144444182764;55.4861111111111
970126 TRINITE II;-20.894999973832;55.4683333333333
970129 GILLOT Orchidee;-20.9108333071653;55.51
970130 St-Denis - Cadjee;-20.8980555293876;55.4961111111111
970131 St-Denis - Marechal Leclerc;-20.8791666404987;55.4533333333333
970132 St-Denis - Pasteur;-20.8784725419099;55.4523029060037
970133 St-Denis - Juliette Dodu;-20.877774973832;55.4509472222222
970135 ETAT MAJOR;-20.8788888627209;55.4319444444444
970136 St-Denis - Bretagne hauts;-20.9221368107371;55.4950754086229
970137 TERRAIN ELISA;-20.9155555293876;55.5536111111111
970139 PARC DES EXPO;-20.8938888627209;55.4980555555556
970140 BUTOR;-20.8856943189912;55.4690380499781
970142 LA CONVENANCE;-20.897499973832;55.5683333333333
970143 BRETAGNE;-20.9165851462185;55.4934666722481
970144 BELLEPIERRE;-20.8996692787402;55.4473365157876
970145 CHAUDRON CAOR;-20.8961110849431;55.4972222222222
970146 GILLOT;-20.8913889138842;55.5122185145039
970147 ACACIAS;-20.8747221960542;55.4525
970148 DEUX CANONS;-20.8908333071653;55.4747222222222
970150 MAC AULIFFE;-20.8773568729318;55.4553477925265
970151 POMPIDOU;-20.8888888627209;55.4877777777778
970152 MOUFIA II;-20.904394539468;55.482293777161
970153 LECONTE DE LISLE;-20.8933333071653;55.4883333333333
970155 STDN PETITE ILE;-20.8808333071653;55.4433333333333
970156 MAHY;-20.892499973832;55.4825
970157 Tabur;-20.904999973832;55.5325
970158 BOIS ROUGE;-20.9170669120626;55.5296467010823
970159 LEOPOLD RAMBAUD;-20.8861110849431;55.4747222222222
970160 LA SOURCE;-20.8916666404987;55.4511111111111
970161 CHÃ‚TEAU MORANGE;-20.8913888627209;55.4630555555556
970162 GRANDE MONTEE;-20.9227777516098;55.5175
970163 RAVINE DES CHEVRES;-20.9105555293876;55.5683333333333
970164 LA MARE;-20.8944444182764;55.5330555555556
970165 BOULEVARD SUD;-20.9013888627209;55.4913888888889
970166 MONTHYON;-20.8869444182764;55.4544444444444
970167 UMAB;-20.8874129565951;55.4799502483981
970168 PROVIDENCE;-20.8944444182764;55.4577777777778
970170 DORET;-20.8884145004523;55.4574041247589
970172 REPUBLIQUE;-20.87974033415;55.4469908233512
970173 ROLAND GARROS;-20.8838888627209;55.4491666666667
970174 JOINVILLE;-20.8838888627209;55.4552777777778
970175 Ste-Marie DECOUVERTE;-20.9008333071653;55.5488888888889
970176 BDN ST DENIS;-20.9169936880512;55.474674554245
970177 BOULEVARD SUD II;-20.8978030837154;55.4851032289541
970178 CANARIS;-20.899027036663;55.4630594393557
970179 STDN PROVIDENCE II;-20.897499973832;55.4511111111111
970180 MONTGAILLARD;-20.8996393534729;55.4697725050501
970181 TECHNOPOLE;-20.904999973832;55.5019444444444
970182 MONTAGNE 2;-20.8872221960542;55.4247222222222
970183 EVARIST;-20.8979727796639;55.4912030269149
970184 CITRONNIERS;-20.8986249703079;55.4811917804998
970186 LETCHIS;-20.8960771517536;55.4123927015739
970187 MONTPLAISIR;-20.8909840524516;55.4583965912759
970190 LE BRULE TDF;-20.9330555293876;55.4333333333333
970193 RONTAUNAY;-20.8752089341489;55.4493229149574
970194 CHAMP FLEURI;-20.8877777516098;55.4663888888889
970197 St-Denis - Ruisseau blanc;-20.8932670072146;55.4034351754944
970198 Topaze;-20.9044444182764;55.4413888888889
970199 LE BRULE;-20.9215356971459;55.4354028219183
970200 LA POSSESSION;-20.9344444182764;55.3319444444444
970201 BIZET;-20.9330555293876;55.2997222222222
970203 LE PORT MASCAREIGNES;-20.9363888627209;55.31
970204 HALLE DES MANIFESTATIONS;-20.9419444182764;55.3075
970205 LE PORT ZI 2;-20.9377777516098;55.3172222222222
970207 St-Gilles EGLISE;-21.0558333071653;55.2258333333333
970208 SALINE CENTRE;-21.0936110849431;55.2427777777778
970209 BOUCAN CANOT;-21.0266666404987;55.2322222222222
970210 St-Leu centre;-21.1730555293876;55.2933333333333
970211 STE-THERESE;-20.9655555293876;55.3291666666667
970212 RIVIERE DES GALETS;-20.9566666404987;55.3152777777778
970213 TROIS BASSINS;-21.1041666404987;55.2983333333333
970214 BOUCAN PLAGE;-21.0277777516098;55.2269444444444
970215 CHALOUPE ST LEU;-21.1766666404987;55.33
970216 BOIS DE NEFLES ST PAUL;-20.9963888627209;55.3244444444444
970217 BELLEMENE;-21.0191666404987;55.3041666666667
970218 PETITE France;-21.0455555293876;55.3305555555556
970220 GRAND FOND;-21.1927777516098;55.3033333333333
970222 LES LATANIERS;-20.9252777516098;55.3433333333333
970223 MON REPOS;-20.9797221960542;55.3177777777778
970224 LES COTEAUX;-21.0219444182764;55.2705555555556
970225 STELLA;-21.2086110849431;55.3016666666667
970229 COLBERT;-21.0008333071653;55.2797222222222
970230 St-Paul centre;-21.0097221960542;55.2730555555556
970231 St-Paul CHS;-21.0141666404987;55.2669444444444
970232 St-Gilles forum;-21.0508333071653;55.2255555555556
970235 RAVINE BALTHAZAR;-20.952499973832;55.3402777777778
970236 MASCARINS;-20.9327777516098;55.295
970237 CATILINA;-20.944999973832;55.2877777777778
970238 DUSSAC;-20.939999973832;55.3038888888889
970239 St-Ange;-20.9438888627209;55.2980555555556
970240 PICHET;-20.9684944182764;55.3596
970241 ND DES CHAMPS;-21.1413888627209;55.3133333333333
970242 GRANDE RAVINE;-21.1133333071653;55.2605555555556
970243 CAROSSE;-21.072499973832;55.2694444444444
970244 LE PORT VERDUN;-20.9397221960542;55.2952777777778
970245 GOYAVE;-21.3238888627209;55.5538888888889
970246 CAPITAINERIE;-20.934999973832;55.3183333333333
970247 GUILLAUME;-21.0358333071653;55.2941666666667
970249 GLACIERE;-20.9352777516098;55.2902777777778
970250 QUATRE EPICES;-20.9458377326342;55.2927700497478
970251 COTUR;-20.9502777516098;55.3002777777778
970252 St-Gilles - Roquefeuil;-21.0636110849431;55.2286111111111
970253 GRANDE FONTAINE;-21.0141666404987;55.28
970254 MAIRIE POSSESSION;-20.9266666404987;55.3358333333333
970256 FILAOS;-21.0797221960542;55.2319444444444
970257 CASINO;-21.0702777516098;55.2244444444444
970258 St-Paul - Le nautile;-21.0911110849431;55.2316666666667
970259 CAP LAHOUSSAYE TUNNEL;-21.0338888627209;55.2505555555556
970260 PITON ST-LEU;-21.2255555293876;55.2977777777778
970263 St-Gilles - Armagnac;-21.0391666404987;55.2277777777778
970264 St-Paul - Hippodrome;-20.9627777516098;55.2922222222222
970270 RAVINE A JACQUES;-20.8911110849431;55.3847222222222
970271 SAVANNAH;-20.984916086494;55.2930668688152
970272 CAMBAIE;-20.962499973832;55.2991666666667
970273 St-Paul Etang;-20.9941666404987;55.2833333333333
970274 BASSIN SOURIS;-21.0694444182764;55.3102777777778
970275 BERNICA;-21.0513888627209;55.28
970276 BOEUF MORT;-20.9502777516098;55.3322222222222
970277 GRANDE CHALOUPE;-20.897499973832;55.3741666666667
970278 DOS D'ANE;-20.9869444182764;55.3855555555556
970279 RAVINE LAFLEUR;-20.929999973832;55.3566666666667
970284 FLEURIMONT;-21.0408333071653;55.2738888888889
970286 LA POSSESSION-CAP NOIR;-20.9580555293876;55.3447222222222
970289 TAMATAVE;-21.049999973832;55.2666666666667
970612 LE PLATE SRR;-21.1977010162232;55.3321218725768
970641 St-Pierre concession;-21.2938527516098;55.5010916666667
970641 St-Pierre concession;-21.2957298331788;55.4997955152336
970920 - ROLLAND GARROS;-20.8834165395707;55.4482194723613
Pylone palmier orange;-21.0349221829634;55.294669861779
970617 St-Paul le Guillaume;-21.0339123696514;55.2946629516535
only pointe des chateaux;-21.1420207575148;55.2797522064064
DZAOUDZI;-12.7829777516098;45.2551805555556
TSARARANO;-12.8401444182764;45.1590333333333
ONLY Cambaie;-20.9619288826843;55.2993092048393
970909 Piton St Leu Ville;-21.2210194182764;55.3138666666667
970290 St-Paul tennis;-20.9755555293876;55.2983333333333
970297 Surprise;-21.1583333071653;55.2861111111111
970298 RAVINE MOULIN;-20.922499973832;55.3702777777778
970299 SALINE HAUTS;-21.0966666404987;55.2866666666667
970300 LES AVIRONS;-21.2316666404987;55.3352777777778
970301 PETIT PARIS;-21.334999973832;55.46
970303 LIGNE PARADIS;-21.3155555293876;55.4752777777778
970304 TRIBUNAL;-21.3341666404987;55.4775
970305 St-Louis centre;-21.2855555293876;55.4125
970306 St-Pierre agence;-21.3408333071653;55.4761111111111
970307 BASSE TERRE;-21.3269444182764;55.4811111111111
970308 TERRE SAINTE;-21.3461110849431;55.4863888888889
970309 FRONT DE MER;-21.339999973832;55.4663888888889
970310 RAVINE CABRIS;-21.2861110849431;55.4713888888889
970311 BOIS OLIVES;-21.2988888627209;55.4525
970313 St-Louis cocos;-21.2784070694542;55.4204394649727
970314 St-Joseph grand galet;-21.2986110849431;55.64
970315 PIERREFONDS AEROPORT;-21.3201878353617;55.4280396344916
970316 LE TAMPON - PETITE FERME;-21.2279271283482;55.5742088673893
970317 TAMPON 17eme;-21.2352777516098;55.5225
970318 LIGNE BAMBOU;-21.3022221960542;55.4936111111111
970319 TROIS MARES;-21.2598623360264;55.5079871114463
970320 TAMPON 400;-21.2780555293876;55.5063888888889
970321 TAMPON CENTRE;-21.2819444182764;55.5197222222222
970322 KERVEGUEN;-21.2672221960542;55.5147222222222
970323 BRAS CREUX;-21.2630555293876;55.5291666666667
970324 TAMPON LYCEE;-21.2733639959398;55.5214762999968
970325 PONT YVES;-21.2363888627209;55.5047222222222
970326 LE QUATORZIEME;-21.2502777516098;55.53
970327 LE TAMPON - TREIZIEME;-21.2586110849431;55.5219444444444
970328 LE TAMPON - BERIVE;-21.2955555293876;55.5322222222222
970329 LES AVIRONS EGLISE;-21.2430555293876;55.3338888888889
970331 RIVIERE ST LOUIS;-21.2616969027063;55.4365870986896
970332 CONDE;-21.289999973832;55.5061111111111
970333 St-Joseph Gandhi;-21.3816666404987;55.6130555555556
970335 CAP MECHANT;-21.3747221960542;55.7094444444445
970336 MARE LONGUE;-21.3644444182764;55.7433333333333
970337 PIERREFONDS RN1;-21.3130555293876;55.4383333333333
970338 ASILE;-21.337499973832;55.4883333333333
970340 St-Louis maison rouge;-21.2722221960542;55.4141666666667
970341 St-Pierre - Mahy;-21.3402777516098;55.4752777777778
970342 TAMPON - DASSY;-21.2563888627209;55.4913888888889
970343 TAMPON - LA POINTE;-21.2972221960542;55.5105555555556
970348 GOL/USINE;-21.2805555293876;55.3977777777778
970349 RIVIERE ST-ETIENNE;-21.2988888627209;55.4233333333333
970350 St-Louis Bel air;-21.2916666404987;55.3997222222222
970351 ETANG SALE BAINS;-21.2719444182764;55.3355555555556
970352 ETANG SALE PLAINE;-21.2705555293876;55.3727777777778
970354 PEUPLIERS;-21.3772221960542;55.6094444444444
970356 LABATTOIR;-21.2827777516098;55.4069444444444
970361 JEAN PETIT;-21.3569221960542;55.6271138888889
970363 ETANG SALE HAUTS;-21.2368388627209;55.3789166666667
970365 RAVINE ANGO;-21.3447221960542;55.7866666666667
970366 PETITE ILE EGLISE;-21.3536110849431;55.5652777777778
970367 ISAUTIER;-21.3358333071653;55.4736111111111
970369 BOULEVARD BANK;-21.329999973832;55.4730555555556
970370 PLAINE des GREGUES;-21.3377777516098;55.6119444444444
970371 MATOUTA;-21.3616666404987;55.7002777777778
970372 ENTRE DEUX TDF;-21.2547221960542;55.4652777777778
970373 TEVELAVE;-21.2061110849431;55.3538888888889
970374 St-Louis - La chapelle;-21.2906162827257;55.4204269794158
970375 BONS-ENFANTS;-21.3352777516098;55.4644444444444
970376 LES MAKES BTS;-21.2088888627209;55.3994444444444
970377 St-Pierre ZI 3;-21.3188888627209;55.4513888888889
970378 MONTVERT LES BAS;-21.3355832877426;55.5206348677055
970379 RAVINE DES CAFRES;-21.3500986998233;55.5126593166875
970381 PETITE ILE RN;-21.3669444182764;55.5613888888889
970383 St-Pierre - Basin plat;-21.3269444182764;55.4905555555556
970384 St-Louis Ouaki;-21.2780527516098;55.44115
970385 MANAPANY LES BAS;-21.367499973832;55.5744444444444
970386 LA CRETE;-21.3347221960542;55.6480555555556
970387 GOL HAUTS;-21.2440344560955;55.4212305413335
970388 BRAS PONTHO;-21.2480555293876;55.5025
970389 TROIS MARES HAUTS;-21.2455555293876;55.5205555555556
970390 QUATRE CENTS;-21.2716666404987;55.4991666666667
970391 DIX-NEUVIEME;-21.2402777516098;55.5413888888889
970392 PLAINE DES CAFRES;-21.2191666404987;55.5525
970393 TAMPON MAIRIE;-21.2761110849431;55.5138888888889
970394 ETANG SALE CANOTS;-21.2540778866705;55.3556088397205
970396 LE TAMPON - BERGERIE;-21.274999973832;55.5819444444444
970397 St-Louis - Bras Sylvert;-21.2013888627209;55.4227777777778
970399 LANGEVIN;-21.3766666404987;55.6455555555556
970406 RAVINE CREUSE;-20.9683333071653;55.6666666666667
970407 BEAUVALLON;-21.0083333071653;55.6930555555556
970409 St-Benoit Beaulieu;-21.0375831601363;55.7081281566429
970410 St-Joseph Magali;-21.3741666404987;55.62
970411 Ste-Suzanne la marine;-20.9166666404987;55.6180555555556
970412 Ste-Suzanne - Camp des evis;-20.9441666404987;55.6327777777778
970413 St-Andre - Le Colosse;-20.9358333071653;55.6644444444444
970414 St-Benoit - Bras madeleine;-21.0536110849431;55.7002777777778
970416 St-Andre - Bras des chevrettes;-20.9719444182764;55.6202777777778
970421 BENGALIS;-20.9797221960542;55.6433333333333
970431 St-Benoit Butor;-21.0397221960542;55.7188888888889
970432 St-Benoit gare;-21.0319652324224;55.7146157420052
970434 BRAS FUSIL;-21.0522278587418;55.7110964491409
970446 CILAOS;-21.1394563419689;55.4748981229381
970447 CILAOS CENTRE;-21.134999973832;55.4722222222222
970456 BRAS PANON;-21.0011110849431;55.6825
970459 CAMBUSTON;-20.9361110849431;55.6475
970461 LA CONFIANCE;-21.0705479350759;55.7045202393449
970462 ELF ST BENOIT;-21.0426999122683;55.7158137051162
970463 BEAUFONDS;-21.0458333071653;55.7211111111111
970464 LAGOURGUE;-20.9479465313946;55.6523197060793
970467 SALAZIE;-21.0322221960542;55.5355555555556
970468 CRESSONIERE;-20.9722221960542;55.6577777777778
970470 PLAINE DES PALMISTES;-21.1516666404987;55.6086111111111
970474 ILE DE FRANCE;-20.9561110849431;55.6491666666667
970477 Ste-Anne;-21.087499973832;55.7463888888889
970478 Ste-Rose;-21.1288888627209;55.7822222222222
970479 GRAND BRULE;-21.2913888627209;55.7966666666667
970480 BRAS PANON Mairie;-20.994999973832;55.6763888888889
970483 RIVIERE DU MAT LES BAS;-20.9727777516098;55.6888888888889
970485 COMMUNE CARRON;-20.9380555293876;55.6127777777778
970486 St-Francois - Ste-Anne;-21.0694444182764;55.7344444444444
970488 MARE A MARTIN;-21.0161110849431;55.4919444444444
970489 ABONDANCE;-21.0327777516098;55.6794444444444
970491 DEUX RIVES;-20.9583333071653;55.6147222222222
970492 BEL AIR;-20.9047221960542;55.6022222222222
970493 ECHO;-21.114999973832;55.6477777777778
970494 BAGATELLE;-20.9271429129349;55.5854663843529
970498 L'ESCALIER;-21.0005555293876;55.5836111111111
970499 Ste-Rose marocain;-21.1483333071653;55.815
970501 Ste-Suzanne Cargot;-20.9163888627209;55.5955555555556
970502 Ste-Marie - confiance les hauts;-20.9447221960542;55.5277777777778
970503 Montauban;-20.9355555293876;55.4958333333333
970504 GILLOT 4;-20.8918398796388;55.5131753328525
970506 St-Denis - Candin;-20.9010440897598;55.4954495322815
970509 Grand-Etang;-21.0969444182764;55.6758333333333
970511 BEAUSEJOUR;-20.9155299875335;55.52837681387
970516 SAINT BENOIT_PTE_DU_BOURBIER;-21.0249121835771;55.7001863009062
970555 St-Benoit - Cambourg;-21.1158333071653;55.7383333333333
970598 IEDOM Siege;-20.8788888627209;55.4477777777778
970599 IEDOM Annexe;-20.8808333071653;55.4483333333333
970601 St-Pierre Archambaud;-21.3391666404987;55.4791666666667
970602 Entre-deux - Bras long;-21.2330555293876;55.4744444444444
970603 St-Paul la plaine;-20.9852777516098;55.3336111111111
970605 Etang St-Leu;-21.1590607585247;55.2953931154343
970606 Etang-sale Centre;-21.2616666404987;55.3608333333333
970609 Les assises;-21.2906666404987;55.4565888888889
970610 Terrain Fleury;-21.2902777516098;55.5294444444444
970611 Le Port - Le verger;-20.9511110849431;55.31
970615 Piton Desforges;-21.1961110849431;55.5744444444444
970616 St-Leu les hauts;-21.1802777516098;55.2966666666667
970618 La Possession - Petite Chaloupe;-20.9088888627209;55.3591666666667
970650 St-Paul Tan rouge;-21.064999973832;55.295
980001 COMBANI;-12.8044156490754;45.1526240737092
980002 CONVALESCENCE;-12.7780555293876;45.22
980003 MADJABALINI;-12.7118649276483;45.059884466645
980004 OUNGOUJOU;-12.9088888627209;45.0911111111111
980005 CHOUNGUI;-12.9661110849431;45.12
980006 KAOUENI;-12.7738888627209;45.225
980007 VIGIE;-12.7908333071653;45.2880555555556
980008 KOUNGOU;-12.7444444182764;45.1975
980009 SADA;-12.8519444182764;45.1033333333333
980010 DEMBENI;-12.8463888627209;45.1822222222222
970600 Les avirons les hauts;-21.2178416404987;55.3410694444445
980011 CORA;-12.7558333071653;45.2336111111111
980012 PLACE MARIAGE;-12.777499973832;45.2311111111111
980013 CHIRONGUI;-12.9416666404987;45.1586111111111
980014 LONGONI;-12.7238888627209;45.1686111111111
980015 TSOUNDZOU;-12.8058333071653;45.2080555555556
980016 BAOBAB;-12.784999973832;45.2294444444444
980017 HANDREMA;-12.687499973832;45.1041666666667
980018 MTSAHARA;-12.6866666404987;45.0775
980019 MAJIKAVO;-12.7444444182764;45.225
980021 MAMOUDZOU;-12.7797221960542;45.2252777777778
980022 VATOUNKARIDI;-12.9722221960542;45.1413888888889
980023 BANDRELE;-12.9163888627209;45.1952777777778
980024 MTSAPERE;-12.7836110849431;45.2163888888889
980025 PASSAMANTY;-12.7988888627209;45.2138888888889
980026 MTSANGAMOUJI;-12.7630555293876;45.0772222222222
980027 BARAKANI;-12.8297221960542;45.1247222222222
980028 KAOUENI ZI;-12.7644444182764;45.2230555555556
980029 DZOUMONYE;-12.7233333071653;45.1219444444444
980031 TREVANI;-12.7316666404987;45.1952777777778
980032 NGOUJA;-12.9591666404987;45.0841666666667
980033 LONGONI VILLE;-12.7319444182764;45.1652777777778
980034 HAMOURO;-12.8661110849431;45.1927777777778
980035 LABATTOIR;-12.7827777516098;45.2783333333333
980036 PAMANDZI;-12.7977777516098;45.2794444444444
980037 KAVANI;-12.7861110849431;45.2236111111111
980038 COMBANI VILLE;-12.7883333071653;45.1361111111111
980039 BANDRANI;-12.844999973832;45.1030555555556
980040 KAOUENI EST;-12.7694444182764;45.2255555555556
980041 PETITE TERRE;-12.7886110849431;45.2719444444444
980042 DOUJANI;-12.789999973832;45.2188888888889
980043 POROANI;-12.8944444182764;45.1422222222222
980044 TSINGONI;-12.7897221960542;45.1016666666667
980045 PASSAMANTY NORD;-12.8036110849431;45.2044444444444
980046 BADAMIER MTM;-12.7644444182764;45.2841666666667
980048 COCONI;-12.8366666404987;45.1322222222222
980049 VITALEMENGOU;-12.7908333071653;45.2825
980050 MILOUANI;-12.8855555293876;45.2166666666667
980051 BOUYONI;-12.7386110849431;45.1436111111111
980052 Mtsanga;-12.7336110849431;45.2036111111111
980053 Petite terre barge;-12.7886110849431;45.2652777777778
980054 OUANGANI;-12.8505555293876;45.1375
980055 Mahabo;-12.7794444182764;45.2319444444444
980056 Kouale;-12.8005555293876;45.1963888888889
980057 Ironi be;-12.8216666404987;45.1941666666667
980058 Chiconi;-12.8261110849431;45.1169444444444
980059 Pamandzi aeroport;-12.799999973832;45.2808333333333
970520 Gillot 5;-20.8942964174366;55.5143263948369
970642 Le Port edena;-20.9606762151346;55.3218518159393
970632 RAVINE CABRIS STADE;-21.2859082714728;55.4679682736554
970604 Saint-Paul Viaduc;-21.0213816260447;55.2560469054977
FREEDOM MAHATMA GANDHI;-21.056952;55.256506
FREEDOM LA MONTAGNE;-20.885738;55.429822
TDF ATELIER MAURICIEN 974161I;-21.33066629397;55.4819578297693
TDF ST PIERRE ALLAMANDAS 974161J;-21.336;55.4605833333333
TDF PHILI_POINT_TABLE 9741701;-21.3341182431374;55.8018710577577
